node1:conn13,node2:conn13
0.814683,0.525858
0.814683,0.625858